,Average RTT,Average TCP,Average throughput
0,22488746.378426414,151.28475379090705,20568.74017241609
1,3675872508.8251395,363.1439393939394,157071.87878787884
2,1417650312.9888926,356.41421606739425,132317.93697479
